Workbook

Sheet Index
B2: CONTENT MANAGEMENT SYSTEM 2026
B4: Summary | G4: Today's Content | L4: Team Workload (Active)
B5: Total Content | C5: Today | D5: Upcoming | E5: Published | G5: Post Title | H5: Status | J5: Date | M5: Active Tasks
B6: =IFERROR(__xludf.DUMMYFUNCTION("COUNTA(QUERY({August26!F3:F1000;September26!F3:F1000;October26!F3:F1000;November26!F3:F1000;December26!F3:F1000}, ""SELECT * WHERE Col1 IS NOT NULL"", 0))"),1.0) -> 1 | C6: =IFERROR(__xludf.DUMMYFUNCTION("COUNTA(QUERY({August26!C3:C1000;September26!C3:C1000;October26!C3:C1000;November26!C3:C1000;December26!C3:C1000}, ""SELECT * WHERE Col1 = date '""&TEXT(TODAY(),""yyyy-mm-dd"")&""'"", 0))"),1.0) -> 1 | D6: =IFERROR(__xludf.DUMMYFUNCTION("COUNTA(QUERY({August26!C3:C1000;September26!C3:C1000;October26!C3:C1000;November26!C3:C1000;December26!C3:C1000}, ""SELECT * WHERE Col1 > date '""&TEXT(TODAY(),""yyyy-mm-dd"")&""'"", 0))"),129.0) -> 129 | E6: =IFERROR(__xludf.DUMMYFUNCTION("COUNTA(QUERY({August26!G3:G1000;September26!G3:G1000;October26!G3:G1000;November26!G3:G1000;December26!G3:G1000}, ""SELECT * WHERE Col1 = 'Done'"", 0))"),1.0) -> 1 | G6: =IFERROR(__xludf.DUMMYFUNCTION("IFERROR(QUERY({August26!C3:H1000;September26!C3:H1000;October26!C3:H1000;November26!C3:H1000;December26!C3:H1000}, ""SELECT Col4, Col5, Col6, Col1 WHERE Col1 = date '""&TEXT(TODAY(),""yyyy-mm-dd"")&""'"", 0), ""No content today"")"),"") | H6: =IFERROR(__xludf.DUMMYFUNCTION("""COMPUTED_VALUE"""),"Not Started") -> Not Started | I6: =IFERROR(__xludf.DUMMYFUNCTION("""COMPUTED_VALUE"""),"Not Started") -> Not Started | J6: =IFERROR(__xludf.DUMMYFUNCTION("""COMPUTED_VALUE"""),46265.0) -> 46265 | M6: {=COUNTIFS({August26!M3:M1000;September26!M3:M1000;October26!M3:M1000;November26!M3:M1000;December26!M3:M1000}, "Filius", {August26!G3:G1000;September26!G3:G1000;October26!G3:G1000;November26!G3:G1000;December26!G3:G1000}, "<>Done")} -> 0
L7: Raka | M7: {=COUNTIFS({August26!N3:N1000;September26!N3:N1000;October26!N3:N1000;November26!N3:N1000;December26!N3:N1000}, "Raka", {August26!G3:G1000;September26!G3:G1000;October26!G3:G1000;November26!G3:G1000;December26!G3:G1000}, "<>Done")} -> 0
B8: Overdue | C8: Overall Progress | M8: {=COUNTIFS({August26!O3:O1000;September26!O3:O1000;October26!O3:O1000;November26!O3:O1000;December26!O3:O1000}, "Kevin", {August26!G3:G1000;September26!G3:G1000;October26!G3:G1000;November26!G3:G1000;December26!G3:G1000}, "<>Done")} -> 0
B9: =IFERROR(__xludf.DUMMYFUNCTION("COUNTA(QUERY({August26!C3:G1000;September26!C3:G1000;October26!C3:G1000;November26!C3:G1000;December26!C3:G1000}, ""SELECT Col1 WHERE Col1 < date '""&TEXT(TODAY(),""yyyy-mm-dd"")&""' AND Col5 != 'Done' AND Col1 IS NOT NULL"", 0))"),34.0) -> 34 | C9: =IFERROR(E6/B6, 0) -> 1 | M9: {=COUNTIFS({August26!P3:P1000;September26!P3:P1000;October26!P3:P1000;November26!P3:P1000;December26!P3:P1000}, "Dimas", {August26!G3:G1000;September26!G3:G1000;October26!G3:G1000;November26!G3:G1000;December26!G3:G1000}, "<>Done")} -> 0
L10: Alya | M10: {=COUNTIFS({August26!Q3:Q1000;September26!Q3:Q1000;October26!Q3:Q1000;November26!Q3:Q1000;December26!Q3:Q1000}, "Alya", {August26!G3:G1000;September26!G3:G1000;October26!G3:G1000;November26!G3:G1000;December26!G3:G1000}, "<>Done")} -> 0
L12: Attention (Missing PICs)
L13: Post Title | M13: Date | N13: Missing Role
L14: =IFERROR(__xludf.DUMMYFUNCTION("IFERROR(QUERY({August26!C3:S1000;September26!C3:S1000;October26!C3:S1000;November26!C3:S1000;December26!C3:S1000}, ""SELECT Col4, Col1, 'Missing PIC' WHERE Col4 IS NOT NULL AND (Col11 IS NULL OR Col12 IS NULL OR Col13 IS NULL OR Col14 IS NULL OR Col15 IS "&"NULL) LIMIT 5"", 0), ""All clear!"")"),"") | M14: =IFERROR(__xludf.DUMMYFUNCTION("""COMPUTED_VALUE"""),"") | N14: =IFERROR(__xludf.DUMMYFUNCTION("""COMPUTED_VALUE"""),"""Missing PIC""()") -> "Missing PIC"()
G15: Upcoming Content
G16: Post Title | H16: Status | I16: Platform | J16: Date
G17: =IFERROR(__xludf.DUMMYFUNCTION("IFERROR(QUERY({August26!C3:H1000;September26!C3:H1000;October26!C3:H1000;November26!C3:H1000;December26!C3:H1000}, ""SELECT Col4, Col5, Col6, Col1 WHERE Col1 > date '""&TEXT(TODAY(),""yyyy-mm-dd"")&""' AND Col5 != 'Done' ORDER BY Col1 ASC LIMIT 5"", 0), "&"""No upcoming content"")"),"") | H17: =IFERROR(__xludf.DUMMYFUNCTION("""COMPUTED_VALUE"""),"Not Started") -> Not Started | I17: =IFERROR(__xludf.DUMMYFUNCTION("""COMPUTED_VALUE"""),"Not Started") -> Not Started | J17: =IFERROR(__xludf.DUMMYFUNCTION("""COMPUTED_VALUE"""),46266.0) -> 46266
H18: =IFERROR(__xludf.DUMMYFUNCTION("""COMPUTED_VALUE"""),"Not Started") -> Not Started | I18: =IFERROR(__xludf.DUMMYFUNCTION("""COMPUTED_VALUE"""),"Not Started") -> Not Started | J18: =IFERROR(__xludf.DUMMYFUNCTION("""COMPUTED_VALUE"""),46267.0) -> 46267
H19: =IFERROR(__xludf.DUMMYFUNCTION("""COMPUTED_VALUE"""),"Not Started") -> Not Started | I19: =IFERROR(__xludf.DUMMYFUNCTION("""COMPUTED_VALUE"""),"Not Started") -> Not Started | J19: =IFERROR(__xludf.DUMMYFUNCTION("""COMPUTED_VALUE"""),46268.0) -> 46268
H20: =IFERROR(__xludf.DUMMYFUNCTION("""COMPUTED_VALUE"""),"Not Started") -> Not Started | I20: =IFERROR(__xludf.DUMMYFUNCTION("""COMPUTED_VALUE"""),"Not Started") -> Not Started | J20: =IFERROR(__xludf.DUMMYFUNCTION("""COMPUTED_VALUE"""),46269.0) -> 46269
H21: =IFERROR(__xludf.DUMMYFUNCTION("""COMPUTED_VALUE"""),"Not Started") -> Not Started | I21: =IFERROR(__xludf.DUMMYFUNCTION("""COMPUTED_VALUE"""),"Not Started") -> Not Started | J21: =IFERROR(__xludf.DUMMYFUNCTION("""COMPUTED_VALUE"""),46270.0) -> 46270

Sheet Sample delete
B1: January 2026 | Financial Wellness Month 💰
A2: Week | B2: Date | C2: Week Day | D2: Holidays | E2: Post Title | F2: Status | G2: Platform | H2: Format | I2: Content Pillars | J2: Image | K2: Copywriting | L2: People
A3: Week 1 | B3: 44927 | C3: Minggu | D3: New Year's Day 🎉 (See New Year social media post ideas or New Year campaign ideas) | E3: Happy New Year 🎉 | F3: Scheduled ✔️ | G3: All | H3: Carousel 🎠 | I3: Holidays 🎄 | K3: Lorem ipsum dolor sit amet, consectetur adipiscing elit. Integer a congue odio. Maecenas sem lacus, cursus eget tortor ac, ultrices fermentum mi.
B4: 44928 | C4: Senin | D4: Science Fiction Day 👽
B5: 44929 | C5: Selasa | D5: International Mind-body Wellness Day 🧘‍♀️ | E5: Wellness Friday | F5: Scheduled ✔️ | G5: Facebook | H5: Image 🖼️ | I5: Connection 🧡 | K5: Lorem ipsum dolor sit amet, consectetur adipiscing elit. Integer a congue odio. Maecenas sem lacus, cursus eget tortor ac, ultrices fermentum mi.
B6: 44930 | C6: Rabu | D6: National Trivia Day
B7: 44931 | C7: Kamis | D7: 82nd Golden Globe Awards 🎥 | E7: Behind-the-Scenes | F7: Revise ⚠️ | G7: TikTok | H7: Image 🖼️ | I7: Connection 🧡 | K7: Lorem ipsum dolor sit amet, consectetur adipiscing elit. Integer a congue odio. Maecenas sem lacus, cursus eget tortor ac, ultrices fermentum mi.
A8: Week 2 | B8: 44932 | C8: Jumat | D8: Three Kings Day | E8: Monday Motivation | F8: WIP ✏️ | G8: Instagram | H8: Carousel 🎠 | I8: Connection 🧡 | K8: Lorem ipsum dolor sit amet, consectetur adipiscing elit. Integer a congue odio. Maecenas sem lacus, cursus eget tortor ac, ultrices fermentum mi.
B9: 44933 | C9: Sabtu | E9: Winter Tips | F9: Published ✅ | G9: Twitter | H9: Text 🖹 | I9: Seasonal 🍂 | K9: Lorem ipsum dolor sit amet, consectetur adipiscing elit. Integer a congue odio. Maecenas sem lacus, cursus eget tortor ac, ultrices fermentum mi.
B10: 44934 | C10: Minggu | D10: National Gluten-Free Day
B11: 44935 | C11: Senin | D11: National Word Nerd Day 🤓
B12: 44936 | C12: Selasa | E12: Industry Insights | F12: Approved 🗸 | G12: Facebook | H12: Video 📹 | I12: Evergreen 🍃 | K12: Lorem ipsum dolor sit amet, consectetur adipiscing elit. Integer a congue odio. Maecenas sem lacus, cursus eget tortor ac, ultrices fermentum mi.
B13: 44937 | C13: Rabu
B14: 44938 | C14: Kamis | D14: National Pizza Week 🍕 (12-18)
A15: Week 3 | B15: 44939 | C15: Jumat | D15: National Sticker Day | E15: Product Showcase | F15: Revise ⚠️ | G15: Facebook | H15: Video 📹 | I15: Promotion 🛍️ | K15: Lorem ipsum dolor sit amet, consectetur adipiscing elit. Integer a congue odio. Maecenas sem lacus, cursus eget tortor ac, ultrices fermentum mi.
B16: 44940 | C16: Sabtu
B17: 44941 | C17: Minggu | D17: National Hat Day 🎩 | E17: Fun Facts | F17: WIP ✏️ | G17: Instagram | H17: Carousel 🎠 | I17: Education 📚
B18: 44942 | C18: Senin | E18: Throwback Thursday | F18: Approved 🗸 | G18: Twitter | H18: Text 🖹 | I18: Entertainment 🍿 | K18: Lorem ipsum dolor sit amet, consectetur adipiscing elit. Integer a congue odio. Maecenas sem lacus, cursus eget tortor ac, ultrices fermentum mi.
B19: 44943 | C19: Selasa | D19: Get to Know Your Customers Day 💬
B20: 44944 | C20: Rabu | D20: National Gourmet Coffee Day ☕️
B21: 44945 | C21: Kamis
A22: Week 4 | B22: 44946 | C22: Jumat | D22: Martin Luther King Jr. Day
B23: 44947 | C23: Sabtu | E23: Exclusive Sneak Peek | F23: Scheduled ✔️ | G23: All | H23: Video 📹 | I23: Connection 🧡 | K23: Lorem ipsum dolor sit amet, consectetur adipiscing elit. Integer a congue odio. Maecenas sem lacus, cursus eget tortor ac, ultrices fermentum mi.
B24: 44948 | C24: Minggu | E24: Fan Favorites | F24: Scheduled ✔️ | G24: Instagram | H24: Video 📹 | I24: Promotion 🛍️ | K24: Lorem ipsum dolor sit amet, consectetur adipiscing elit. Integer a congue odio. Maecenas sem lacus, cursus eget tortor ac, ultrices fermentum mi.
B25: 44949 | C25: Senin | D25: Sundance Film Festival (23 - Feb 2)
B26: 44950 | C26: Selasa | D26: National Compliment Day | E26: UGC | F26: Revise ⚠️ | G26: All | H26: Video 📹 | I26: UGC 🙎 | K26: Lorem ipsum dolor sit amet, consectetur adipiscing elit. Integer a congue odio. Maecenas sem lacus, cursus eget tortor ac, ultrices fermentum mi.
B27: 44951 | C27: Rabu
B28: 44952 | C28: Kamis | D28: Australia Day 🇦🇺
A29: Week 5 | B29: 44953 | C29: Jumat | D29: Community Manager Appreciation Day 💙 | E29: Meet the Team | F29: Approved 🗸 | G29: TikTok | H29: Image 🖼️ | I29: Connection 🧡 | K29: Lorem ipsum dolor sit amet, consectetur adipiscing elit. Integer a congue odio. Maecenas sem lacus, cursus eget tortor ac, ultrices fermentum mi.
B30: 44954 | C30: Sabtu | D30: International Lego Day | E30: Ask the Expert | F30: Published ✅ | G30: Instagram | H30: Video 📹 | I30: Education 📚 | K30: Lorem ipsum dolor sit amet, consectetur adipiscing elit. Integer a congue odio. Maecenas sem lacus, cursus eget tortor ac, ultrices fermentum mi.
B31: 44955 | C31: Minggu | D31: Chinese & Korean New Year 🎊 | E31: Did You Know? | F31: Approved 🗸 | G31: Twitter | H31: Text 🖹 | I31: Evergreen 🍃 | K31: Lorem ipsum dolor sit amet, consectetur adipiscing elit. Integer a congue odio. Maecenas sem lacus, cursus eget tortor ac, ultrices fermentum mi.
B32: 44956 | C32: Senin | D32: National Croissant Day 🥐
B33: 44957 | C33: Selasa
B34: 44958 | C34: Rabu | D34: Black History Month starts
B35: 44959 | C35: Kamis | D35: Groundhog Day

Sheet August26
C1: August 2026 | JUMLAH KONTEN TIKTOK ADA 9 YANG DI UP & IG ADA 4 KONTEN VIDEO: 5 KONTEN NON VIDEO:4
A2: Content ID | B2: Week | C2: Date | D2: Week Day | E2: Agenda | F2: Post Title | G2: Status | H2: Platform | I2: Format | J2: Content Pillars | K2: Image | L2: Copywriting | M2: Content Planner | N2: Copywriter | O2: Graphic Designer | P2: Video Editor | Q2: Social Media Admin | R2: Deadline | S2: Progress
A3: ="AUG-"&TEXT(ROW()-2, "000") -> AUG-001 | B3: Week 1 | C3: 46231 | D3: =IF(C3="","",TEXT(C3,"[$-id-ID]dddd")) -> Selasa | G3: Not Started | H3: Not Started | I3: Not Started | J3: Not Started
A4: ="AUG-"&TEXT(ROW()-2, "000") -> AUG-002 | C4: 46232 | D4: =IF(C4="","",TEXT(C4,"[$-id-ID]dddd")) -> Rabu | G4: Not Started | H4: Not Started | I4: Not Started | J4: Not Started
A5: ="AUG-"&TEXT(ROW()-2, "000") -> AUG-003 | C5: 46233 | D5: =IF(C5="","",TEXT(C5,"[$-id-ID]dddd")) -> Kamis | G5: Not Started | H5: Not Started | I5: Not Started | J5: Not Started
A6: ="AUG-"&TEXT(ROW()-2, "000") -> AUG-004 | C6: 46234 | D6: =IF(C6="","",TEXT(C6,"[$-id-ID]dddd")) -> Jumat | G6: Not Started | H6: Not Started | I6: Not Started | J6: Not Started
A7: ="AUG-"&TEXT(ROW()-2, "000") -> AUG-005 | C7: 46235 | D7: =IF(C7="","",TEXT(C7,"[$-id-ID]dddd")) -> Sabtu | G7: Not Started | H7: Not Started | I7: Not Started | J7: Not Started
A8: ="AUG-"&TEXT(ROW()-2, "000") -> AUG-006 | C8: 46236 | D8: =IF(C8="","",TEXT(C8,"[$-id-ID]dddd")) -> Minggu | G8: Not Started | H8: Not Started | I8: Not Started | J8: Not Started
A9: ="AUG-"&TEXT(ROW()-2, "000") -> AUG-007 | C9: 46237 | D9: =IF(C9="","",TEXT(C9,"[$-id-ID]dddd")) -> Senin | G9: Not Started | H9: Not Started | I9: Not Started | J9: Not Started
A10: ="AUG-"&TEXT(ROW()-2, "000") -> AUG-008 | B10: Week 2 | C10: 46238 | D10: =IF(C10="","",TEXT(C10,"[$-id-ID]dddd")) -> Selasa | G10: Not Started | H10: Not Started | I10: Not Started | J10: Not Started
A11: ="AUG-"&TEXT(ROW()-2, "000") -> AUG-009 | C11: 46239 | D11: =IF(C11="","",TEXT(C11,"[$-id-ID]dddd")) -> Rabu | G11: Not Started | H11: Not Started | I11: Not Started | J11: Not Started
A12: ="AUG-"&TEXT(ROW()-2, "000") -> AUG-010 | C12: 46240 | D12: =IF(C12="","",TEXT(C12,"[$-id-ID]dddd")) -> Kamis | G12: Not Started | H12: Not Started | I12: Not Started | J12: Not Started
A13: ="AUG-"&TEXT(ROW()-2, "000") -> AUG-011 | C13: 46241 | D13: =IF(C13="","",TEXT(C13,"[$-id-ID]dddd")) -> Jumat | G13: Not Started | H13: Not Started | I13: Not Started | J13: Not Started
A14: ="AUG-"&TEXT(ROW()-2, "000") -> AUG-012 | C14: 46242 | D14: =IF(C14="","",TEXT(C14,"[$-id-ID]dddd")) -> Sabtu | G14: Not Started | H14: Not Started | I14: Not Started | J14: Not Started
A15: ="AUG-"&TEXT(ROW()-2, "000") -> AUG-013 | C15: 46243 | D15: =IF(C15="","",TEXT(C15,"[$-id-ID]dddd")) -> Minggu | G15: Not Started | H15: Not Started | I15: Not Started | J15: Not Started
A16: ="AUG-"&TEXT(ROW()-2, "000") -> AUG-014 | C16: 46244 | D16: =IF(C16="","",TEXT(C16,"[$-id-ID]dddd")) -> Senin | G16: Not Started | H16: Not Started | I16: Not Started | J16: Not Started
A17: ="AUG-"&TEXT(ROW()-2, "000") -> AUG-015 | B17: Week 3 | C17: 46245 | D17: =IF(C17="","",TEXT(C17,"[$-id-ID]dddd")) -> Selasa | G17: Not Started | H17: Not Started | I17: Not Started | J17: Not Started
A18: ="AUG-"&TEXT(ROW()-2, "000") -> AUG-016 | C18: 46246 | D18: =IF(C18="","",TEXT(C18,"[$-id-ID]dddd")) -> Rabu | G18: Not Started | H18: Not Started | I18: Not Started | J18: Not Started
A19: ="AUG-"&TEXT(ROW()-2, "000") -> AUG-017 | C19: 46247 | D19: =IF(C19="","",TEXT(C19,"[$-id-ID]dddd")) -> Kamis | G19: Not Started | H19: Not Started | I19: Not Started | J19: Not Started
A20: ="AUG-"&TEXT(ROW()-2, "000") -> AUG-018 | C20: 46248 | D20: =IF(C20="","",TEXT(C20,"[$-id-ID]dddd")) -> Jumat | G20: Not Started | H20: Not Started | I20: Not Started | J20: Not Started
A21: ="AUG-"&TEXT(ROW()-2, "000") -> AUG-019 | C21: 46249 | D21: =IF(C21="","",TEXT(C21,"[$-id-ID]dddd")) -> Sabtu | G21: Not Started | H21: Not Started | I21: Not Started | J21: Not Started
A22: ="AUG-"&TEXT(ROW()-2, "000") -> AUG-020 | C22: 46250 | D22: =IF(C22="","",TEXT(C22,"[$-id-ID]dddd")) -> Minggu | G22: Not Started | H22: Not Started | I22: Not Started | J22: Not Started
A23: ="AUG-"&TEXT(ROW()-2, "000") -> AUG-021 | C23: 46251 | D23: =IF(C23="","",TEXT(C23,"[$-id-ID]dddd")) -> Senin | G23: Not Started | H23: Not Started | I23: Not Started | J23: Not Started
A24: ="AUG-"&TEXT(ROW()-2, "000") -> AUG-022 | B24: Week 4 | C24: 46252 | D24: =IF(C24="","",TEXT(C24,"[$-id-ID]dddd")) -> Selasa | G24: Not Started | H24: Not Started | I24: Not Started | J24: Not Started
A25: ="AUG-"&TEXT(ROW()-2, "000") -> AUG-023 | C25: 46253 | D25: =IF(C25="","",TEXT(C25,"[$-id-ID]dddd")) -> Rabu | G25: Not Started | H25: Not Started | I25: Not Started | J25: Not Started
A26: ="AUG-"&TEXT(ROW()-2, "000") -> AUG-024 | C26: 46254 | D26: =IF(C26="","",TEXT(C26,"[$-id-ID]dddd")) -> Kamis | G26: Not Started | H26: Not Started | I26: Not Started | J26: Not Started
A27: ="AUG-"&TEXT(ROW()-2, "000") -> AUG-025 | C27: 46255 | D27: =IF(C27="","",TEXT(C27,"[$-id-ID]dddd")) -> Jumat | G27: Not Started | H27: Not Started | I27: Not Started | J27: Not Started
A28: ="AUG-"&TEXT(ROW()-2, "000") -> AUG-026 | C28: 46256 | D28: =IF(C28="","",TEXT(C28,"[$-id-ID]dddd")) -> Sabtu | G28: Not Started | H28: Not Started | I28: Not Started | J28: Not Started
A29: ="AUG-"&TEXT(ROW()-2, "000") -> AUG-027 | C29: 46257 | D29: =IF(C29="","",TEXT(C29,"[$-id-ID]dddd")) -> Minggu | G29: Not Started | H29: Not Started | I29: Not Started | J29: Not Started
A30: ="AUG-"&TEXT(ROW()-2, "000") -> AUG-028 | C30: 46258 | D30: =IF(C30="","",TEXT(C30,"[$-id-ID]dddd")) -> Senin | G30: Not Started | H30: Not Started | I30: Not Started | J30: Not Started
A31: ="AUG-"&TEXT(ROW()-2, "000") -> AUG-029 | B31: Week 5 | C31: 46259 | D31: =IF(C31="","",TEXT(C31,"[$-id-ID]dddd")) -> Selasa | G31: Not Started | H31: Not Started | I31: Not Started | J31: Not Started
A32: ="AUG-"&TEXT(ROW()-2, "000") -> AUG-030 | C32: 46260 | D32: =IF(C32="","",TEXT(C32,"[$-id-ID]dddd")) -> Rabu | G32: Not Started | H32: Not Started | I32: Not Started | J32: Not Started
A33: ="AUG-"&TEXT(ROW()-2, "000") -> AUG-031 | C33: 46261 | D33: =IF(C33="","",TEXT(C33,"[$-id-ID]dddd")) -> Kamis | G33: Not Started | H33: Not Started | I33: Not Started | J33: Not Started
A34: ="AUG-"&TEXT(ROW()-2, "000") -> AUG-032 | C34: 46262 | D34: =IF(C34="","",TEXT(C34,"[$-id-ID]dddd")) -> Jumat | G34: Not Started | H34: Not Started | I34: Not Started | J34: Not Started
A35: ="AUG-"&TEXT(ROW()-2, "000") -> AUG-033 | C35: 46263 | D35: =IF(C35="","",TEXT(C35,"[$-id-ID]dddd")) -> Sabtu | G35: Not Started | H35: Not Started | I35: Not Started | J35: Not Started
A36: ="AUG-"&TEXT(ROW()-2, "000") -> AUG-034 | C36: 46264 | D36: =IF(C36="","",TEXT(C36,"[$-id-ID]dddd")) -> Minggu | G36: Not Started | H36: Not Started | I36: Not Started | J36: Not Started
A37: ="AUG-"&TEXT(ROW()-2, "000") -> AUG-035 | C37: 46265 | D37: =IF(C37="","",TEXT(C37,"[$-id-ID]dddd")) -> Senin | G37: Not Started | H37: Not Started | I37: Not Started | J37: Not Started

Sheet September26
C1: September 2026 | JUMLAH KONTEN TIKTOK ADA 9 YANG DI UP & IG ADA 4 KONTEN VIDEO: 5 KONTEN NON VIDEO:4
A2: Content ID | B2: Week | C2: Date | D2: Week Day | E2: Holidays | F2: Post Title | G2: Status | H2: Platform | I2: Format | J2: Content Pillars | K2: Caption | L2: Copywriting | M2: Content Planner | N2: Copywriter | O2: Graphic Designer | P2: Video Editor | Q2: Social Media Admin | R2: Deadline | S2: Progress
A3: ="SEP-"&TEXT(ROW()-2, "000") -> SEP-001 | B3: Week 1 | C3: 46266 | D3: =IF(C3="","",TEXT(C3,"[$-id-ID]dddd")) -> Selasa | G3: Not Started | H3: Not Started | I3: Not Started | J3: Not Started
A4: ="SEP-"&TEXT(ROW()-2, "000") -> SEP-002 | C4: 46267 | D4: =IF(C4="","",TEXT(C4,"[$-id-ID]dddd")) -> Rabu | G4: Not Started | H4: Not Started | I4: Not Started | J4: Not Started
A5: ="SEP-"&TEXT(ROW()-2, "000") -> SEP-003 | C5: 46268 | D5: =IF(C5="","",TEXT(C5,"[$-id-ID]dddd")) -> Kamis | G5: Not Started | H5: Not Started | I5: Not Started | J5: Not Started
A6: ="SEP-"&TEXT(ROW()-2, "000") -> SEP-004 | C6: 46269 | D6: =IF(C6="","",TEXT(C6,"[$-id-ID]dddd")) -> Jumat | G6: Not Started | H6: Not Started | I6: Not Started | J6: Not Started
A7: ="SEP-"&TEXT(ROW()-2, "000") -> SEP-005 | C7: 46270 | D7: =IF(C7="","",TEXT(C7,"[$-id-ID]dddd")) -> Sabtu | G7: Not Started | H7: Not Started | I7: Not Started | J7: Not Started
A8: ="SEP-"&TEXT(ROW()-2, "000") -> SEP-006 | C8: 46271 | D8: =IF(C8="","",TEXT(C8,"[$-id-ID]dddd")) -> Minggu | G8: Not Started | H8: Not Started | I8: Not Started | J8: Not Started
A9: ="SEP-"&TEXT(ROW()-2, "000") -> SEP-007 | C9: 46272 | D9: =IF(C9="","",TEXT(C9,"[$-id-ID]dddd")) -> Senin | G9: Not Started | H9: Not Started | I9: Not Started | J9: Not Started
A10: ="SEP-"&TEXT(ROW()-2, "000") -> SEP-008 | B10: Week 2 | C10: 46273 | D10: =IF(C10="","",TEXT(C10,"[$-id-ID]dddd")) -> Selasa | G10: Not Started | H10: Not Started | I10: Not Started | J10: Not Started
A11: ="SEP-"&TEXT(ROW()-2, "000") -> SEP-009 | C11: 46274 | D11: =IF(C11="","",TEXT(C11,"[$-id-ID]dddd")) -> Rabu | G11: Not Started | H11: Not Started | I11: Not Started | J11: Not Started
A12: ="SEP-"&TEXT(ROW()-2, "000") -> SEP-010 | C12: 46275 | D12: =IF(C12="","",TEXT(C12,"[$-id-ID]dddd")) -> Kamis | G12: Not Started | H12: Not Started | I12: Not Started | J12: Not Started
A13: ="SEP-"&TEXT(ROW()-2, "000") -> SEP-011 | C13: 46276 | D13: =IF(C13="","",TEXT(C13,"[$-id-ID]dddd")) -> Jumat | G13: Not Started | H13: Not Started | I13: Not Started | J13: Not Started
A14: ="SEP-"&TEXT(ROW()-2, "000") -> SEP-012 | C14: 46277 | D14: =IF(C14="","",TEXT(C14,"[$-id-ID]dddd")) -> Sabtu | G14: Not Started | H14: Not Started | I14: Not Started | J14: Not Started
A15: ="SEP-"&TEXT(ROW()-2, "000") -> SEP-013 | C15: 46278 | D15: =IF(C15="","",TEXT(C15,"[$-id-ID]dddd")) -> Minggu | G15: Not Started | H15: Not Started | I15: Not Started | J15: Not Started
A16: ="SEP-"&TEXT(ROW()-2, "000") -> SEP-014 | C16: 46279 | D16: =IF(C16="","",TEXT(C16,"[$-id-ID]dddd")) -> Senin | G16: Not Started | H16: Not Started | I16: Not Started | J16: Not Started
A17: ="SEP-"&TEXT(ROW()-2, "000") -> SEP-015 | B17: Week 3 | C17: 46280 | D17: =IF(C17="","",TEXT(C17,"[$-id-ID]dddd")) -> Selasa | G17: Not Started | H17: Not Started | I17: Not Started | J17: Not Started
A18: ="SEP-"&TEXT(ROW()-2, "000") -> SEP-016 | C18: 46281 | D18: =IF(C18="","",TEXT(C18,"[$-id-ID]dddd")) -> Rabu | G18: Not Started | H18: Not Started | I18: Not Started | J18: Not Started
A19: ="SEP-"&TEXT(ROW()-2, "000") -> SEP-017 | C19: 46282 | D19: =IF(C19="","",TEXT(C19,"[$-id-ID]dddd")) -> Kamis | G19: Not Started | H19: Not Started | I19: Not Started | J19: Not Started
A20: ="SEP-"&TEXT(ROW()-2, "000") -> SEP-018 | C20: 46283 | D20: =IF(C20="","",TEXT(C20,"[$-id-ID]dddd")) -> Jumat | G20: Not Started | H20: Not Started | I20: Not Started | J20: Not Started
A21: ="SEP-"&TEXT(ROW()-2, "000") -> SEP-019 | C21: 46284 | D21: =IF(C21="","",TEXT(C21,"[$-id-ID]dddd")) -> Sabtu | G21: Not Started | H21: Not Started | I21: Not Started | J21: Not Started
A22: ="SEP-"&TEXT(ROW()-2, "000") -> SEP-020 | C22: 46285 | D22: =IF(C22="","",TEXT(C22,"[$-id-ID]dddd")) -> Minggu | G22: Not Started | H22: Not Started | I22: Not Started | J22: Not Started
A23: ="SEP-"&TEXT(ROW()-2, "000") -> SEP-021 | C23: 46286 | D23: =IF(C23="","",TEXT(C23,"[$-id-ID]dddd")) -> Senin | G23: Not Started | H23: Not Started | I23: Not Started | J23: Not Started
A24: ="SEP-"&TEXT(ROW()-2, "000") -> SEP-022 | B24: Week 4 | C24: 46287 | D24: =IF(C24="","",TEXT(C24,"[$-id-ID]dddd")) -> Selasa | G24: Not Started | H24: Not Started | I24: Not Started | J24: Not Started
A25: ="SEP-"&TEXT(ROW()-2, "000") -> SEP-023 | C25: 46288 | D25: =IF(C25="","",TEXT(C25,"[$-id-ID]dddd")) -> Rabu | E25: teh atau kopi? | G25: Not Started | H25: Not Started | I25: Not Started | J25: Not Started
A26: ="SEP-"&TEXT(ROW()-2, "000") -> SEP-024 | C26: 46289 | D26: =IF(C26="","",TEXT(C26,"[$-id-ID]dddd")) -> Kamis | G26: Not Started | H26: Not Started | I26: Not Started | J26: Not Started
A27: ="SEP-"&TEXT(ROW()-2, "000") -> SEP-025 | C27: 46290 | D27: =IF(C27="","",TEXT(C27,"[$-id-ID]dddd")) -> Jumat | E27: repeat (teh atau kopi) | G27: Not Started | H27: Not Started | I27: Not Started | J27: Not Started
A28: ="SEP-"&TEXT(ROW()-2, "000") -> SEP-026 | C28: 46291 | D28: =IF(C28="","",TEXT(C28,"[$-id-ID]dddd")) -> Sabtu | G28: Not Started | H28: Not Started | I28: Not Started | J28: Not Started
A29: ="SEP-"&TEXT(ROW()-2, "000") -> SEP-027 | C29: 46292 | D29: =IF(C29="","",TEXT(C29,"[$-id-ID]dddd")) -> Minggu | E29: Foto GIF teatimoni | G29: Not Started | H29: Not Started | I29: Not Started | J29: Not Started
A30: ="SEP-"&TEXT(ROW()-2, "000") -> SEP-028 | C30: 46293 | D30: =IF(C30="","",TEXT(C30,"[$-id-ID]dddd")) -> Senin | G30: Not Started | H30: Not Started | I30: Not Started | J30: Not Started
A31: ="SEP-"&TEXT(ROW()-2, "000") -> SEP-029 | B31: Week 5 | C31: 46294 | D31: =IF(C31="","",TEXT(C31,"[$-id-ID]dddd")) -> Selasa | G31: Not Started | H31: Not Started | I31: Not Started | J31: Not Started
A32: ="SEP-"&TEXT(ROW()-2, "000") -> SEP-030 | C32: 46295 | D32: =IF(C32="","",TEXT(C32,"[$-id-ID]dddd")) -> Rabu | G32: Not Started | H32: Not Started | I32: Not Started | J32: Not Started

Sheet October26
C1: October 2026 | JUMLAH KONTEN TIKTOK ADA 9 YANG DI UP & IG ADA 4 KONTEN VIDEO: 5 KONTEN NON VIDEO:4
A2: Content ID | B2: Week | C2: Date | D2: Week Day | E2: Holidays | F2: Post Title | G2: Status | H2: Platform | I2: Format | J2: Content Pillars | K2: Image | L2: Copywriting | M2: Content Planner | N2: Copywriter | O2: Graphic Designer | P2: Video Editor | Q2: Social Media Admin | R2: Deadline | S2: Progress
A3: ="OCT-"&TEXT(ROW()-2, "000") -> OCT-001 | B3: Week 1 | C3: 46294 | D3: =IF(C3="","",TEXT(C3,"[$-id-ID]dddd")) -> Selasa | G3: Not Started | H3: Not Started | I3: Not Started | J3: Not Started
A4: ="OCT-"&TEXT(ROW()-2, "000") -> OCT-002 | C4: 46295 | D4: =IF(C4="","",TEXT(C4,"[$-id-ID]dddd")) -> Rabu | G4: Not Started | H4: Not Started | I4: Not Started | J4: Not Started
A5: ="OCT-"&TEXT(ROW()-2, "000") -> OCT-003 | C5: 46296 | D5: =IF(C5="","",TEXT(C5,"[$-id-ID]dddd")) -> Kamis | G5: Not Started | H5: Not Started | I5: Not Started | J5: Not Started
A6: ="OCT-"&TEXT(ROW()-2, "000") -> OCT-004 | C6: 46297 | D6: =IF(C6="","",TEXT(C6,"[$-id-ID]dddd")) -> Jumat | G6: Not Started | H6: Not Started | I6: Not Started | J6: Not Started
A7: ="OCT-"&TEXT(ROW()-2, "000") -> OCT-005 | C7: 46298 | D7: =IF(C7="","",TEXT(C7,"[$-id-ID]dddd")) -> Sabtu | G7: Not Started | H7: Not Started | I7: Not Started | J7: Not Started
A8: ="OCT-"&TEXT(ROW()-2, "000") -> OCT-006 | C8: 46299 | D8: =IF(C8="","",TEXT(C8,"[$-id-ID]dddd")) -> Minggu | G8: Not Started | H8: Not Started | I8: Not Started | J8: Not Started
A9: ="OCT-"&TEXT(ROW()-2, "000") -> OCT-007 | C9: 46300 | D9: =IF(C9="","",TEXT(C9,"[$-id-ID]dddd")) -> Senin | G9: Not Started | H9: Not Started | I9: Not Started | J9: Not Started
A10: ="OCT-"&TEXT(ROW()-2, "000") -> OCT-008 | B10: Week 2 | C10: 46301 | D10: =IF(C10="","",TEXT(C10,"[$-id-ID]dddd")) -> Selasa | G10: Not Started | H10: Not Started | I10: Not Started | J10: Not Started
A11: ="OCT-"&TEXT(ROW()-2, "000") -> OCT-009 | C11: 46302 | D11: =IF(C11="","",TEXT(C11,"[$-id-ID]dddd")) -> Rabu | G11: Not Started | H11: Not Started | I11: Not Started | J11: Not Started
A12: ="OCT-"&TEXT(ROW()-2, "000") -> OCT-010 | C12: 46303 | D12: =IF(C12="","",TEXT(C12,"[$-id-ID]dddd")) -> Kamis | G12: Not Started | H12: Not Started | I12: Not Started | J12: Not Started
A13: ="OCT-"&TEXT(ROW()-2, "000") -> OCT-011 | C13: 46304 | D13: =IF(C13="","",TEXT(C13,"[$-id-ID]dddd")) -> Jumat | G13: Not Started | H13: Not Started | I13: Not Started | J13: Not Started
A14: ="OCT-"&TEXT(ROW()-2, "000") -> OCT-012 | C14: 46305 | D14: =IF(C14="","",TEXT(C14,"[$-id-ID]dddd")) -> Sabtu | G14: Not Started | H14: Not Started | I14: Not Started | J14: Not Started
A15: ="OCT-"&TEXT(ROW()-2, "000") -> OCT-013 | C15: 46306 | D15: =IF(C15="","",TEXT(C15,"[$-id-ID]dddd")) -> Minggu | G15: Not Started | H15: Not Started | I15: Not Started | J15: Not Started
A16: ="OCT-"&TEXT(ROW()-2, "000") -> OCT-014 | C16: 46307 | D16: =IF(C16="","",TEXT(C16,"[$-id-ID]dddd")) -> Senin | G16: Not Started | H16: Not Started | I16: Not Started | J16: Not Started
A17: ="OCT-"&TEXT(ROW()-2, "000") -> OCT-015 | B17: Week 3 | C17: 46308 | D17: =IF(C17="","",TEXT(C17,"[$-id-ID]dddd")) -> Selasa | G17: Not Started | H17: Not Started | I17: Not Started | J17: Not Started
A18: ="OCT-"&TEXT(ROW()-2, "000") -> OCT-016 | C18: 46309 | D18: =IF(C18="","",TEXT(C18,"[$-id-ID]dddd")) -> Rabu | G18: Not Started | H18: Not Started | I18: Not Started | J18: Not Started
A19: ="OCT-"&TEXT(ROW()-2, "000") -> OCT-017 | C19: 46310 | D19: =IF(C19="","",TEXT(C19,"[$-id-ID]dddd")) -> Kamis | G19: Not Started | H19: Not Started | I19: Not Started | J19: Not Started
A20: ="OCT-"&TEXT(ROW()-2, "000") -> OCT-018 | C20: 46311 | D20: =IF(C20="","",TEXT(C20,"[$-id-ID]dddd")) -> Jumat | G20: Not Started | H20: Not Started | I20: Not Started | J20: Not Started
A21: ="OCT-"&TEXT(ROW()-2, "000") -> OCT-019 | C21: 46312 | D21: =IF(C21="","",TEXT(C21,"[$-id-ID]dddd")) -> Sabtu | G21: Not Started | H21: Not Started | I21: Not Started | J21: Not Started
A22: ="OCT-"&TEXT(ROW()-2, "000") -> OCT-020 | C22: 46313 | D22: =IF(C22="","",TEXT(C22,"[$-id-ID]dddd")) -> Minggu | G22: Not Started | H22: Not Started | I22: Not Started | J22: Not Started
A23: ="OCT-"&TEXT(ROW()-2, "000") -> OCT-021 | C23: 46314 | D23: =IF(C23="","",TEXT(C23,"[$-id-ID]dddd")) -> Senin | G23: Not Started | H23: Not Started | I23: Not Started | J23: Not Started
A24: ="OCT-"&TEXT(ROW()-2, "000") -> OCT-022 | B24: Week 4 | C24: 46315 | D24: =IF(C24="","",TEXT(C24,"[$-id-ID]dddd")) -> Selasa | E24: Foto Produk | G24: Not Started | H24: Not Started | I24: Not Started | J24: Not Started
A25: ="OCT-"&TEXT(ROW()-2, "000") -> OCT-023 | C25: 46316 | D25: =IF(C25="","",TEXT(C25,"[$-id-ID]dddd")) -> Rabu | G25: Not Started | H25: Not Started | I25: Not Started | J25: Not Started
A26: ="OCT-"&TEXT(ROW()-2, "000") -> OCT-024 | C26: 46317 | D26: =IF(C26="","",TEXT(C26,"[$-id-ID]dddd")) -> Kamis | G26: Not Started | H26: Not Started | I26: Not Started | J26: Not Started
A27: ="OCT-"&TEXT(ROW()-2, "000") -> OCT-025 | C27: 46318 | D27: =IF(C27="","",TEXT(C27,"[$-id-ID]dddd")) -> Jumat | G27: Not Started | H27: Not Started | I27: Not Started | J27: Not Started
A28: ="OCT-"&TEXT(ROW()-2, "000") -> OCT-026 | C28: 46319 | D28: =IF(C28="","",TEXT(C28,"[$-id-ID]dddd")) -> Sabtu | G28: Not Started | H28: Not Started | I28: Not Started | J28: Not Started
A29: ="OCT-"&TEXT(ROW()-2, "000") -> OCT-027 | C29: 46320 | D29: =IF(C29="","",TEXT(C29,"[$-id-ID]dddd")) -> Minggu | G29: Not Started | H29: Not Started | I29: Not Started | J29: Not Started
A30: ="OCT-"&TEXT(ROW()-2, "000") -> OCT-028 | C30: 46321 | D30: =IF(C30="","",TEXT(C30,"[$-id-ID]dddd")) -> Senin | G30: Not Started | H30: Not Started | I30: Not Started | J30: Not Started
A31: ="OCT-"&TEXT(ROW()-2, "000") -> OCT-029 | B31: Week 5 | C31: 46322 | D31: =IF(C31="","",TEXT(C31,"[$-id-ID]dddd")) -> Selasa | G31: Not Started | H31: Not Started | I31: Not Started | J31: Not Started
A32: ="OCT-"&TEXT(ROW()-2, "000") -> OCT-030 | C32: 46323 | D32: =IF(C32="","",TEXT(C32,"[$-id-ID]dddd")) -> Rabu | G32: Not Started | H32: Not Started | I32: Not Started | J32: Not Started
A33: ="OCT-"&TEXT(ROW()-2, "000") -> OCT-031 | C33: 46324 | D33: =IF(C33="","",TEXT(C33,"[$-id-ID]dddd")) -> Kamis | G33: Not Started | H33: Not Started | I33: Not Started | J33: Not Started
A34: ="OCT-"&TEXT(ROW()-2, "000") -> OCT-032 | C34: 46325 | D34: =IF(C34="","",TEXT(C34,"[$-id-ID]dddd")) -> Jumat | G34: Not Started | H34: Not Started | I34: Not Started | J34: Not Started
A35: ="OCT-"&TEXT(ROW()-2, "000") -> OCT-033 | C35: 46326 | D35: =IF(C35="","",TEXT(C35,"[$-id-ID]dddd")) -> Sabtu | G35: Not Started | H35: Not Started | I35: Not Started | J35: Not Started

Sheet November26
C1: November 2026 | JUMLAH KONTEN TIKTOK ADA 9 YANG DI UP & IG ADA 4 KONTEN VIDEO: 5 KONTEN NON VIDEO:4
A2: Content ID | B2: Week | C2: Date | D2: Week Day | E2: Holidays | F2: Post Title | G2: Status | H2: Platform | I2: Format | J2: Content Pillars | K2: Image | L2: Copywriting | M2: Content Planner | N2: Copywriter | O2: Graphic Designer | P2: Video Editor | Q2: Social Media Admin | R2: Deadline | S2: Progress
A3: ="NOV-"&TEXT(ROW()-2, "000") -> NOV-001 | B3: Week 1 | C3: 46322 | D3: =IF(C3="","",TEXT(C3,"[$-id-ID]dddd")) -> Selasa | G3: Not Started | H3: Not Started | I3: Not Started | J3: Not Started
A4: ="NOV-"&TEXT(ROW()-2, "000") -> NOV-002 | C4: 46323 | D4: =IF(C4="","",TEXT(C4,"[$-id-ID]dddd")) -> Rabu | G4: Not Started | H4: Not Started | I4: Not Started | J4: Not Started
A5: ="NOV-"&TEXT(ROW()-2, "000") -> NOV-003 | C5: 46324 | D5: =IF(C5="","",TEXT(C5,"[$-id-ID]dddd")) -> Kamis | G5: Not Started | H5: Not Started | I5: Not Started | J5: Not Started
A6: ="NOV-"&TEXT(ROW()-2, "000") -> NOV-004 | C6: 46325 | D6: =IF(C6="","",TEXT(C6,"[$-id-ID]dddd")) -> Jumat | G6: Not Started | H6: Not Started | I6: Not Started | J6: Not Started
A7: ="NOV-"&TEXT(ROW()-2, "000") -> NOV-005 | C7: 46326 | D7: =IF(C7="","",TEXT(C7,"[$-id-ID]dddd")) -> Sabtu | G7: Not Started | H7: Not Started | I7: Not Started | J7: Not Started
A8: ="NOV-"&TEXT(ROW()-2, "000") -> NOV-006 | C8: 46327 | D8: =IF(C8="","",TEXT(C8,"[$-id-ID]dddd")) -> Minggu | G8: Not Started | H8: Not Started | I8: Not Started | J8: Not Started
A9: ="NOV-"&TEXT(ROW()-2, "000") -> NOV-007 | C9: 46328 | D9: =IF(C9="","",TEXT(C9,"[$-id-ID]dddd")) -> Senin | G9: Not Started | H9: Not Started | I9: Not Started | J9: Not Started
A10: ="NOV-"&TEXT(ROW()-2, "000") -> NOV-008 | B10: Week 2 | C10: 46329 | D10: =IF(C10="","",TEXT(C10,"[$-id-ID]dddd")) -> Selasa | G10: Not Started | H10: Not Started | I10: Not Started | J10: Not Started
A11: ="NOV-"&TEXT(ROW()-2, "000") -> NOV-009 | C11: 46330 | D11: =IF(C11="","",TEXT(C11,"[$-id-ID]dddd")) -> Rabu | G11: Not Started | H11: Not Started | I11: Not Started | J11: Not Started
A12: ="NOV-"&TEXT(ROW()-2, "000") -> NOV-010 | C12: 46331 | D12: =IF(C12="","",TEXT(C12,"[$-id-ID]dddd")) -> Kamis | G12: Not Started | H12: Not Started | I12: Not Started | J12: Not Started
A13: ="NOV-"&TEXT(ROW()-2, "000") -> NOV-011 | C13: 46332 | D13: =IF(C13="","",TEXT(C13,"[$-id-ID]dddd")) -> Jumat | G13: Not Started | H13: Not Started | I13: Not Started | J13: Not Started
A14: ="NOV-"&TEXT(ROW()-2, "000") -> NOV-012 | C14: 46333 | D14: =IF(C14="","",TEXT(C14,"[$-id-ID]dddd")) -> Sabtu | G14: Not Started | H14: Not Started | I14: Not Started | J14: Not Started
A15: ="NOV-"&TEXT(ROW()-2, "000") -> NOV-013 | C15: 46334 | D15: =IF(C15="","",TEXT(C15,"[$-id-ID]dddd")) -> Minggu | G15: Not Started | H15: Not Started | I15: Not Started | J15: Not Started
A16: ="NOV-"&TEXT(ROW()-2, "000") -> NOV-014 | C16: 46335 | D16: =IF(C16="","",TEXT(C16,"[$-id-ID]dddd")) -> Senin | G16: Not Started | H16: Not Started | I16: Not Started | J16: Not Started
A17: ="NOV-"&TEXT(ROW()-2, "000") -> NOV-015 | B17: Week 3 | C17: 46336 | D17: =IF(C17="","",TEXT(C17,"[$-id-ID]dddd")) -> Selasa | G17: Not Started | H17: Not Started | I17: Not Started | J17: Not Started
A18: ="NOV-"&TEXT(ROW()-2, "000") -> NOV-016 | C18: 46337 | D18: =IF(C18="","",TEXT(C18,"[$-id-ID]dddd")) -> Rabu | G18: Not Started | H18: Not Started | I18: Not Started | J18: Not Started
A19: ="NOV-"&TEXT(ROW()-2, "000") -> NOV-017 | C19: 46338 | D19: =IF(C19="","",TEXT(C19,"[$-id-ID]dddd")) -> Kamis | G19: Not Started | H19: Not Started | I19: Not Started | J19: Not Started
A20: ="NOV-"&TEXT(ROW()-2, "000") -> NOV-018 | C20: 46339 | D20: =IF(C20="","",TEXT(C20,"[$-id-ID]dddd")) -> Jumat | G20: Not Started | H20: Not Started | I20: Not Started | J20: Not Started
A21: ="NOV-"&TEXT(ROW()-2, "000") -> NOV-019 | C21: 46340 | D21: =IF(C21="","",TEXT(C21,"[$-id-ID]dddd")) -> Sabtu | G21: Not Started | H21: Not Started | I21: Not Started | J21: Not Started
A22: ="NOV-"&TEXT(ROW()-2, "000") -> NOV-020 | C22: 46341 | D22: =IF(C22="","",TEXT(C22,"[$-id-ID]dddd")) -> Minggu | G22: Not Started | H22: Not Started | I22: Not Started | J22: Not Started
A23: ="NOV-"&TEXT(ROW()-2, "000") -> NOV-021 | C23: 46342 | D23: =IF(C23="","",TEXT(C23,"[$-id-ID]dddd")) -> Senin | G23: Not Started | H23: Not Started | I23: Not Started | J23: Not Started
A24: ="NOV-"&TEXT(ROW()-2, "000") -> NOV-022 | B24: Week 4 | C24: 46343 | D24: =IF(C24="","",TEXT(C24,"[$-id-ID]dddd")) -> Selasa | G24: Not Started | H24: Not Started | I24: Not Started | J24: Not Started
A25: ="NOV-"&TEXT(ROW()-2, "000") -> NOV-023 | C25: 46344 | D25: =IF(C25="","",TEXT(C25,"[$-id-ID]dddd")) -> Rabu | G25: Not Started | H25: Not Started | I25: Not Started | J25: Not Started
A26: ="NOV-"&TEXT(ROW()-2, "000") -> NOV-024 | C26: 46345 | D26: =IF(C26="","",TEXT(C26,"[$-id-ID]dddd")) -> Kamis | G26: Not Started | H26: Not Started | I26: Not Started | J26: Not Started
A27: ="NOV-"&TEXT(ROW()-2, "000") -> NOV-025 | C27: 46346 | D27: =IF(C27="","",TEXT(C27,"[$-id-ID]dddd")) -> Jumat | G27: Not Started | H27: Not Started | I27: Not Started | J27: Not Started
A28: ="NOV-"&TEXT(ROW()-2, "000") -> NOV-026 | C28: 46347 | D28: =IF(C28="","",TEXT(C28,"[$-id-ID]dddd")) -> Sabtu | G28: Not Started | H28: Not Started | I28: Not Started | J28: Not Started
A29: ="NOV-"&TEXT(ROW()-2, "000") -> NOV-027 | C29: 46348 | D29: =IF(C29="","",TEXT(C29,"[$-id-ID]dddd")) -> Minggu | G29: Not Started | H29: Not Started | I29: Not Started | J29: Not Started
A30: ="NOV-"&TEXT(ROW()-2, "000") -> NOV-028 | C30: 46349 | D30: =IF(C30="","",TEXT(C30,"[$-id-ID]dddd")) -> Senin | G30: Not Started | H30: Not Started | I30: Not Started | J30: Not Started
A31: ="NOV-"&TEXT(ROW()-2, "000") -> NOV-029 | B31: Week 5 | C31: 46350 | D31: =IF(C31="","",TEXT(C31,"[$-id-ID]dddd")) -> Selasa | G31: Not Started | H31: Not Started | I31: Not Started | J31: Not Started
A32: ="NOV-"&TEXT(ROW()-2, "000") -> NOV-030 | C32: 46351 | D32: =IF(C32="","",TEXT(C32,"[$-id-ID]dddd")) -> Rabu | G32: Not Started | H32: Not Started | I32: Not Started | J32: Not Started
A33: ="NOV-"&TEXT(ROW()-2, "000") -> NOV-031 | C33: 46352 | D33: =IF(C33="","",TEXT(C33,"[$-id-ID]dddd")) -> Kamis | G33: Not Started | H33: Not Started | I33: Not Started | J33: Not Started
A34: ="NOV-"&TEXT(ROW()-2, "000") -> NOV-032 | C34: 46353 | D34: =IF(C34="","",TEXT(C34,"[$-id-ID]dddd")) -> Jumat | G34: Not Started | H34: Not Started | I34: Not Started | J34: Not Started
A35: ="NOV-"&TEXT(ROW()-2, "000") -> NOV-033 | C35: 46354 | D35: =IF(C35="","",TEXT(C35,"[$-id-ID]dddd")) -> Sabtu | G35: Not Started | H35: Not Started | I35: Not Started | J35: Not Started
A36: ="NOV-"&TEXT(ROW()-2, "000") -> NOV-034 | C36: 46355 | D36: =IF(C36="","",TEXT(C36,"[$-id-ID]dddd")) -> Minggu | G36: Not Started | H36: Not Started | I36: Not Started | J36: Not Started
A37: ="NOV-"&TEXT(ROW()-2, "000") -> NOV-035 | C37: 46356 | D37: =IF(C37="","",TEXT(C37,"[$-id-ID]dddd")) -> Senin | G37: Not Started | H37: Not Started | I37: Not Started | J37: Not Started

Sheet December26
C1: December 2026 | JUMLAH KONTEN TIKTOK ADA 9 YANG DI UP & IG ADA 4 KONTEN VIDEO: 5 KONTEN NON VIDEO:4
A2: Content ID | B2: Week | C2: Date | D2: Week Day | E2: Holidays | F2: Post Title | G2: Status | H2: Platform | I2: Format | J2: Content Pillars | K2: Image | L2: Copywriting | M2: Content Planner | N2: Copywriter | O2: Graphic Designer | P2: Video Editor | Q2: Social Media Admin | R2: Deadline | S2: Progress
A3: ="DEC-"&TEXT(ROW()-2, "000") -> DEC-001 | B3: Week 1 | C3: 46357 | D3: =IF(C3="","",TEXT(C3,"[$-id-ID]dddd")) -> Selasa | G3: Not Started | H3: Not Started | I3: Not Started | J3: Not Started
A4: ="DEC-"&TEXT(ROW()-2, "000") -> DEC-002 | C4: 46358 | D4: =IF(C4="","",TEXT(C4,"[$-id-ID]dddd")) -> Rabu | G4: Not Started | H4: Not Started | I4: Not Started | J4: Not Started
A5: ="DEC-"&TEXT(ROW()-2, "000") -> DEC-003 | C5: 46359 | D5: =IF(C5="","",TEXT(C5,"[$-id-ID]dddd")) -> Kamis | G5: Not Started | H5: Not Started | I5: Not Started | J5: Not Started
A6: ="DEC-"&TEXT(ROW()-2, "000") -> DEC-004 | C6: 46360 | D6: =IF(C6="","",TEXT(C6,"[$-id-ID]dddd")) -> Jumat | G6: Not Started | H6: Not Started | I6: Not Started | J6: Not Started
A7: ="DEC-"&TEXT(ROW()-2, "000") -> DEC-005 | C7: 46361 | D7: =IF(C7="","",TEXT(C7,"[$-id-ID]dddd")) -> Sabtu | G7: Not Started | H7: Not Started | I7: Not Started | J7: Not Started
A8: ="DEC-"&TEXT(ROW()-2, "000") -> DEC-006 | C8: 46362 | D8: =IF(C8="","",TEXT(C8,"[$-id-ID]dddd")) -> Minggu | G8: Not Started | H8: Not Started | I8: Not Started | J8: Not Started
A9: ="DEC-"&TEXT(ROW()-2, "000") -> DEC-007 | C9: 46363 | D9: =IF(C9="","",TEXT(C9,"[$-id-ID]dddd")) -> Senin | G9: Not Started | H9: Not Started | I9: Not Started | J9: Not Started
A10: ="DEC-"&TEXT(ROW()-2, "000") -> DEC-008 | B10: Week 2 | C10: 46364 | D10: =IF(C10="","",TEXT(C10,"[$-id-ID]dddd")) -> Selasa | G10: Not Started | H10: Not Started | I10: Not Started | J10: Not Started
A11: ="DEC-"&TEXT(ROW()-2, "000") -> DEC-009 | C11: 46365 | D11: =IF(C11="","",TEXT(C11,"[$-id-ID]dddd")) -> Rabu | G11: Not Started | H11: Not Started | I11: Not Started | J11: Not Started
A12: ="DEC-"&TEXT(ROW()-2, "000") -> DEC-010 | C12: 46366 | D12: =IF(C12="","",TEXT(C12,"[$-id-ID]dddd")) -> Kamis | G12: Not Started | H12: Not Started | I12: Not Started | J12: Not Started
A13: ="DEC-"&TEXT(ROW()-2, "000") -> DEC-011 | C13: 46367 | D13: =IF(C13="","",TEXT(C13,"[$-id-ID]dddd")) -> Jumat | G13: Not Started | H13: Not Started | I13: Not Started | J13: Not Started
A14: ="DEC-"&TEXT(ROW()-2, "000") -> DEC-012 | C14: 46368 | D14: =IF(C14="","",TEXT(C14,"[$-id-ID]dddd")) -> Sabtu | G14: Not Started | H14: Not Started | I14: Not Started | J14: Not Started
A15: ="DEC-"&TEXT(ROW()-2, "000") -> DEC-013 | C15: 46369 | D15: =IF(C15="","",TEXT(C15,"[$-id-ID]dddd")) -> Minggu | G15: Not Started | H15: Not Started | I15: Not Started | J15: Not Started
A16: ="DEC-"&TEXT(ROW()-2, "000") -> DEC-014 | C16: 46370 | D16: =IF(C16="","",TEXT(C16,"[$-id-ID]dddd")) -> Senin | G16: Not Started | H16: Not Started | I16: Not Started | J16: Not Started
A17: ="DEC-"&TEXT(ROW()-2, "000") -> DEC-015 | B17: Week 3 | C17: 46371 | D17: =IF(C17="","",TEXT(C17,"[$-id-ID]dddd")) -> Selasa | G17: Not Started | H17: Not Started | I17: Not Started | J17: Not Started
A18: ="DEC-"&TEXT(ROW()-2, "000") -> DEC-016 | C18: 46372 | D18: =IF(C18="","",TEXT(C18,"[$-id-ID]dddd")) -> Rabu | G18: Not Started | H18: Not Started | I18: Not Started | J18: Not Started
A19: ="DEC-"&TEXT(ROW()-2, "000") -> DEC-017 | C19: 46373 | D19: =IF(C19="","",TEXT(C19,"[$-id-ID]dddd")) -> Kamis | G19: Not Started | H19: Not Started | I19: Not Started | J19: Not Started
A20: ="DEC-"&TEXT(ROW()-2, "000") -> DEC-018 | C20: 46374 | D20: =IF(C20="","",TEXT(C20,"[$-id-ID]dddd")) -> Jumat | G20: Not Started | H20: Not Started | I20: Not Started | J20: Not Started
A21: ="DEC-"&TEXT(ROW()-2, "000") -> DEC-019 | C21: 46375 | D21: =IF(C21="","",TEXT(C21,"[$-id-ID]dddd")) -> Sabtu | G21: Not Started | H21: Not Started | I21: Not Started | J21: Not Started
A22: ="DEC-"&TEXT(ROW()-2, "000") -> DEC-020 | C22: 46376 | D22: =IF(C22="","",TEXT(C22,"[$-id-ID]dddd")) -> Minggu | G22: Not Started | H22: Not Started | I22: Not Started | J22: Not Started
A23: ="DEC-"&TEXT(ROW()-2, "000") -> DEC-021 | C23: 46377 | D23: =IF(C23="","",TEXT(C23,"[$-id-ID]dddd")) -> Senin | G23: Not Started | H23: Not Started | I23: Not Started | J23: Not Started
A24: ="DEC-"&TEXT(ROW()-2, "000") -> DEC-022 | B24: Week 4 | C24: 46378 | D24: =IF(C24="","",TEXT(C24,"[$-id-ID]dddd")) -> Selasa | G24: Not Started | H24: Not Started | I24: Not Started | J24: Not Started
A25: ="DEC-"&TEXT(ROW()-2, "000") -> DEC-023 | C25: 46379 | D25: =IF(C25="","",TEXT(C25,"[$-id-ID]dddd")) -> Rabu | G25: Not Started | H25: Not Started | I25: Not Started | J25: Not Started
A26: ="DEC-"&TEXT(ROW()-2, "000") -> DEC-024 | C26: 46380 | D26: =IF(C26="","",TEXT(C26,"[$-id-ID]dddd")) -> Kamis | G26: Not Started | H26: Not Started | I26: Not Started | J26: Not Started
A27: ="DEC-"&TEXT(ROW()-2, "000") -> DEC-025 | C27: 46381 | D27: =IF(C27="","",TEXT(C27,"[$-id-ID]dddd")) -> Jumat | G27: Not Started | H27: Not Started | I27: Not Started | J27: Not Started
A28: ="DEC-"&TEXT(ROW()-2, "000") -> DEC-026 | C28: 46382 | D28: =IF(C28="","",TEXT(C28,"[$-id-ID]dddd")) -> Sabtu | G28: Not Started | H28: Not Started | I28: Not Started | J28: Not Started
A29: ="DEC-"&TEXT(ROW()-2, "000") -> DEC-027 | C29: 46383 | D29: =IF(C29="","",TEXT(C29,"[$-id-ID]dddd")) -> Minggu | G29: Not Started | H29: Not Started | I29: Not Started | J29: Not Started
A30: ="DEC-"&TEXT(ROW()-2, "000") -> DEC-028 | C30: 46384 | D30: =IF(C30="","",TEXT(C30,"[$-id-ID]dddd")) -> Senin | G30: Not Started | H30: Not Started | I30: Not Started | J30: Not Started
A31: ="DEC-"&TEXT(ROW()-2, "000") -> DEC-029 | B31: Week 5 | C31: 46385 | D31: =IF(C31="","",TEXT(C31,"[$-id-ID]dddd")) -> Selasa | G31: Not Started | H31: Not Started | I31: Not Started | J31: Not Started
A32: ="DEC-"&TEXT(ROW()-2, "000") -> DEC-030 | C32: 46386 | D32: =IF(C32="","",TEXT(C32,"[$-id-ID]dddd")) -> Rabu | G32: Not Started | H32: Not Started | I32: Not Started | J32: Not Started
A33: ="DEC-"&TEXT(ROW()-2, "000") -> DEC-031 | C33: 46387 | D33: =IF(C33="","",TEXT(C33,"[$-id-ID]dddd")) -> Kamis | G33: Not Started | H33: Not Started | I33: Not Started | J33: Not Started

Sheet Team
A1: Name | B1: Jobdesk
A2: Filius | B2: Content Planner
A3: Raka | B3: Video Editor
A4: Kevin | B4: Graphic Designer
A5: Dimas | B5: Copywriter
A6: Alya | B6: Social Media Admin
